<?xml version="1.0" encoding="UTF-8"?>
<project-private xmlns="http://www.netbeans.org/ns/project-private/1">
    <editor-bookmarks xmlns="http://www.netbeans.org/ns/editor-bookmarks/2" lastBookmarkId="0"/>
    <open-files xmlns="http://www.netbeans.org/ns/projectui-open-files/2">
        <group>
            <file>file:/C:/Users/kanchana/OneDrive/Documents/NetBeansProjects/AirLine-Reservertion-System-main/web/mybookings.jsp</file>
            <file>file:/C:/Users/kanchana/OneDrive/Documents/NetBeansProjects/AirLine-Reservertion-System-main/src/java/Airline/msg_class.java</file>
            <file>file:/C:/Users/kanchana/OneDrive/Documents/NetBeansProjects/AirLine-Reservertion-System-main/web/contact.html</file>
            <file>file:/C:/Users/kanchana/OneDrive/Documents/NetBeansProjects/AirLine-Reservertion-System-main/src/java/Airline/contact.java</file>
            <file>file:/C:/Users/kanchana/OneDrive/Documents/NetBeansProjects/AirLine-Reservertion-System-main/web/sources/contact.css</file>
            <file>file:/C:/Users/kanchana/OneDrive/Documents/NetBeansProjects/AirLine-Reservertion-System-main/web/contact.jsp</file>
            <file>file:/C:/Users/kanchana/OneDrive/Documents/NetBeansProjects/AirLine-Reservertion-System-main/src/java/Airline/msg_box.java</file>
            <file>file:/C:/Users/kanchana/OneDrive/Documents/NetBeansProjects/AirLine-Reservertion-System-main/web/chatbox.jsp</file>
            <file>file:/C:/Users/kanchana/OneDrive/Documents/NetBeansProjects/AirLine-Reservertion-System-main/web/index.html</file>
        </group>
    </open-files>
</project-private>
